{"loss": [0.4392969310283661, 0.3358476758003235, 0.28738898038864136], "accuracy": [0.8287491798400879, 0.8739755749702454, 0.8938536643981934], "val_loss": [0.817007303237915, 0.7901389002799988, 0.8282023668289185], "val_accuracy": [0.6485973596572876, 0.6563531756401062, 0.6592409610748291]}