{"loss": [0.7777089476585388, 0.6657553315162659, 0.5858551859855652], "accuracy": [0.6527446508407593, 0.7141143083572388, 0.7535571455955505], "val_loss": [0.6321901679039001, 0.6047777533531189, 0.6540303230285645], "val_accuracy": [0.7368811964988708, 0.7532178163528442, 0.7462871670722961]}