{"loss": [0.5921302437782288, 0.45904341340065, 0.38626715540885925, 0.32365721464157104, 0.2710671126842499], "accuracy": [0.7559179067611694, 0.8191774487495422, 0.8503621816635132, 0.8763425946235657, 0.8974897265434265], "val_loss": [0.5771737694740295, 0.5424196720123291, 0.4998728632926941, 0.4917232394218445, 0.48040324449539185], "val_accuracy": [0.7584983706474304, 0.7783003449440002, 0.7985149025917053, 0.8131188154220581, 0.821039617061615]}