{"loss": [0.6272542476654053, 0.4896591603755951, 0.404874712228775], "accuracy": [0.7358750104904175, 0.8012642860412598, 0.8373053669929504], "val_loss": [0.43000367283821106, 0.41957610845565796, 0.4436332881450653], "val_accuracy": [0.8337458968162537, 0.848102331161499, 0.8514026403427124]}