{"loss": [0.3757351338863373, 0.28047946095466614, 0.23947587609291077], "accuracy": [0.8574110865592957, 0.8988124132156372, 0.9138694405555725], "val_loss": [0.5728442668914795, 0.5591970682144165, 0.562261700630188], "val_accuracy": [0.7735973596572876, 0.7785478830337524, 0.7844884991645813]}