{"loss": [0.44576433300971985, 0.3156602680683136, 0.2490185797214508, 0.19359786808490753, 0.14915724098682404], "accuracy": [0.8228757381439209, 0.8818694353103638, 0.9083009362220764, 0.9300591945648193, 0.9471588134765625], "val_loss": [0.36907094717025757, 0.3668116331100464, 0.3370991349220276, 0.3301936388015747, 0.3326686918735504], "val_accuracy": [0.8620462417602539, 0.8665841817855835, 0.8871287107467651, 0.8954620957374573, 0.9023927450180054]}